#Mon Aug 11 19:40:56 EST 2014
+\ Newcastle,\ Wollongong=+ Newcastle, Wollongong
Rennes,\ France=Rennes, Francia
Portland,\ OR,\ USA=Portland, OR, USA
Canberra,\ ACT,\ Australia=Canberra, ACT, Australia
Christchurch,\ New\ Zealand=Christchurch, Nuova Zelanda
Edmonton,\ AB,\ Canada=Edmonton, AB, Canada
Ho\ Chi\ Minh\ City,\ Vietnam=Ho Chi Minh City, Vietnam
+\ Timaru=+ Timaru
Tampa,\ FL,\ USA=Tampa, FL, USA
Perth,\ WA,\ Australia=Perth, WA, Australia
Thunder\ Bay,\ ON,\ Canada=Thunder Bay, ON, Canada
Cairns,\ QLD,\ Australia=Cairns, QLD, Australia
Houston,\ TX,\ USA=Houston, TX, USA
Washington,\ DC,\ USA=Washington, DC, USA
Boston,\ MA,\ USA=Boston, MA, USA
Austin,\ TX,\ USA=Austin, TX, USA
+\ Fort\ Worth=+ Fort Worth
Melbourne,\ VIC,\ Australia=Melbourne, VIC, Australia
Hobart,\ TAS,\ Australia=Hobart, TAS, Australia
Brisbane,\ QLD,\ Australia=Brisbane, QLD, Australia
Dublin,\ Ireland=Dublin, Irlanda
Manchester,\ UK=Manchester, UK
+\ San\ Jose,\ Oakland=+ San Jose, Oakland
+\ Fort\ Lauderdale,\ Key\ Largo=+ Fort Lauderdale, Key Largo
Halifax,\ NS,\ Canada=Halifax, NS, Canada
+\ Bradenton,\ Sarasota,\ St.\ Petersburg=+ Bradenton, Sarasota, San Pietroburgo
Denver,\ CO,\ USA=Denver, CO, USA
Chicago,\ IL,\ USA=Chicago, IL, USA
+\ Townsville,\ Mackay=+ Townsville, Mackay
Toronto,\ ON,\ Canada=Toronto, ON, Canada
Sydney,\ NSW,\ Australia=Sydney, NSW, Australia
Philadelphia,\ PA,\ USA=Philadelphia, PA, USA
Los\ Angeles,\ CA,\ USA=Los Angeles, CA, USA
Wellington,\ New\ Zealand=Wellington, Nuova Zelanda
+\ Cocoa\ Beach,\ Cape\ Canaveral,\ Melbourne=+ Cocoa Beach, Cape Canaveral, Melbourne
San\ Francisco,\ CA,\ USA=San Francisco, CA, USA
+\ Gold\ Coast,\ Sunshine\ Coast=+ Gold Coast, Sunshine Coast
Berlin,\ Germany=Berlin, Germania
Victoria,\ BC,\ Canada=Victoria, BC, Canada
Adelaide,\ SA,\ Australia=Adelaide, SA, Australia
Miami,\ FL,\ USA=Miami, FL, USA
Auckland,\ New\ Zealand=Auckland, Nuova Zelanda
Toulouse,\ France=Toulouse, Francia
+\ St.\ Paul=+ St. Paul
Quebec\ City,\ QC,\ Canada=Quebec City, QC, Canada
Winnipeg,\ MB,\ Canada=Winnipeg, MB, Canada
+\ Baltimore,\ MD=+ Baltimore, MD
Calgary,\ AB,\ Canada=Calgary, AB, Canada
Seattle,\ WA,\ USA=Seattle, WA, USA
+\ San\ Antonio=+ San Antonio
Montreal,\ QC,\ Canada=Montreal, QC, Canada
Ottawa,\ ON,\ Canada=Ottawa, ON, Canada
Vancouver,\ BC,\ Canada=Vancouver, BC, Canada
Dallas,\ TX,\ USA=Dallas, TX, USA
+\ Boulder=+ Boulder
New\ York\ City,\ NY,\ USA=New York City, NY, USA
Minneapolis,\ MN,\ USA=Minneapolis, MN, USA
Darwin,\ NT,\ Australia=Darwin, NT, Australia
Space\ Coast,\ FL,\ USA=Space Coast, FL, USA
London,\ UK=London, UK
Mexico\ City,\ Mexico=Mexico City, Mexico
+\ Launceston,\ Burnie=+ Launceston, Burnie
+\ Geelong=+ Geelong
